record_id,original_text,chatgpt_result,segmented_text,pos_tags,word_count,tokens_used
0,"日本能源轉向 增核能降火力 台灣應借鏡？Japan Shifts Energy Policy: More Nuclear, Less Fossil Fuel",日本/ ns 能源/ n 轉向/ v 增/ v 核能/ n 降/ v 火力/ n 台灣/ ns 應/ v 借鏡/ v Japan/ nr Shifts/ v Energy/ n Policy/ n More/ ad Nuclear/ a Less/ ad Fossil/ a Fuel/ n,日本 / 能源 / 轉向 / 增 / 核能 / 降 / 火力 / 台灣 / 應 / 借鏡 / Japan / Shifts / Energy / Policy / More / Nuclear / Less / Fossil / Fuel,日本/ | 能源/ | 轉向/ | 增/ | 核能/ | 降/ | 火力/ | 台灣/ | 應/ | 借鏡/ | Japan/ | Shifts/ | Energy/ | Policy/ | More/ | Nuclear/ | Less/ | Fossil/ | Fuel/,19,384
1,麥當勞性侵案後改革 董事長發聲承諾改善McDonald's Pledges Reform After Assault Scandal,"麥當勞性侵案/ n n n n n
後/ f
改革/ v
董事長/ n
發聲/ v
承諾/ v
改善/ v
McDonald's/ nr
Pledges/ nr
Reform/ nr
After/ nr
Assault/ nr
Scandal/ nr",麥當勞性侵案 / 後 / 改革 / 董事長 / 發聲 / 承諾 / 改善 / McDonald's / Pledges / Reform / After / Assault / Scandal,麥當勞性侵案/ | 後/ | 改革/ | 董事長/ | 發聲/ | 承諾/ | 改善/ | McDonald's/ | Pledges/ | Reform/ | After/ | Assault/ | Scandal/,13,388
2,"回收3.87元遭貪污起訴？清潔隊員案掀社會熱議""Garbage Collectors Indicted for $3.87 Bribery? Public Outrage Ensues""","回收/v 3.87/m 元/n 遭/p 貪污/v 起訴/v ？/x 清潔隊員/n 案/n 掀/v 社會/n 熱議/n ""Garbage Collectors/n Indicted/v for/p $3.87/m Bribery/n ?/x Public/n Outrage/n Ensues/v""",回收 / 3.87 / 元 / 遭 / 貪污 / 起訴 / ？ / 清潔隊員 / 案 / 掀 / 社會 / 熱議 / Collectors / Indicted / for / $3.87 / Bribery / ? / Public / Outrage / Ensues,"回收/v | 3.87/m | 元/n | 遭/p | 貪污/v | 起訴/v | ？/x | 清潔隊員/n | 案/n | 掀/v | 社會/n | 熱議/n | Collectors/n | Indicted/v | for/p | $3.87/m | Bribery/n | ?/x | Public/n | Outrage/n | Ensues/v""",21,401
3,Google示警！AI詐騙電話橫行，Gmail用戶警惕Google Alert! AI Scam Calls Targeting Gmail Users,Google/ns 示警/v ！/w AI/eng 詐騙/v 電話/n 橫行/v ，/w Gmail/eng 用戶/n 警惕/v Google/eng Alert/eng !/w AI/eng Scam/eng Calls/eng Targeting/eng Gmail/eng Users/eng,Google / 示警 / ！ / AI / 詐騙 / 電話 / 橫行 / ， / Gmail / 用戶 / 警惕 / Google / Alert / ! / AI / Scam / Calls / Targeting / Gmail / Users,Google/ns | 示警/v | ！/w | AI/eng | 詐騙/v | 電話/n | 橫行/v | ，/w | Gmail/eng | 用戶/n | 警惕/v | Google/eng | Alert/eng | !/w | AI/eng | Scam/eng | Calls/eng | Targeting/eng | Gmail/eng | Users/eng,20,373
4,台男走私22公斤古柯鹼入日 創個人紀錄Taiwanese Man Smuggles 22kg Cocaine to Japan,台男/n 走私/v 22/m 公斤/m 古柯鹼/n 入/p 日/ns 創/v 個人/n 紀錄/n Taiwanese/nr Man/n Smuggles/v 22kg/m Cocaine/n to/p Japan/ns,台男 / 走私 / 22 / 公斤 / 古柯鹼 / 入 / 日 / 創 / 個人 / 紀錄 / Taiwanese / Man / Smuggles / 22kg / Cocaine / to / Japan,台男/n | 走私/v | 22/m | 公斤/m | 古柯鹼/n | 入/p | 日/ns | 創/v | 個人/n | 紀錄/n | Taiwanese/nr | Man/n | Smuggles/v | 22kg/m | Cocaine/n | to/p | Japan/ns,17,363
