url,title,date,content
https://www.cna.com.tw/news/ait/202003030076.aspx,中正高中機器人競賽獲獎 曼巴學院掛國旗,2020/3/3,"（中央社記者林宏翰洛杉磯2日專電）已故籃球明星布萊恩（Kobe Bryant）創立的曼巴運動學院上週末舉辦機器人競賽，來自台灣的中正高中17名學生團隊，1日在洛杉磯拿下新秀全明星獎、取得赴底特律參加決賽的資格。

這個團隊每個人制服袖子上印著小國旗，工作站掛著一幅從台灣帶來的大國旗，大部分同學第一次踏上美國土地。短短不到一週，他們組裝機器人、上場比賽，克服語言障礙向裁判介紹商業企劃案、與友軍溝通戰術，以品牌的概念宣傳自己。

「在實作中學習」是FRC機器人競賽（FIRST Robotics Competition）的精神，每年在世界各地近4000支隊伍參賽。中正高中這支菜鳥隊伍第一次出征，從洛杉磯北區的分區預賽起步。

帶隊老師莊孟蓉身兼中正高中的教務主任，與國際教育資源組的教師曾瀅芮兩人，帶著17個大男孩勇闖美國。

教「生活科技」科目的莊孟蓉表示，同學們第一次參賽，經驗無價，在一個多月的準備過程中分工合作，同學最自豪的是自製底盤的齒輪箱。來到美國之後，遇到狀況，想辦法向其他團隊求救，一步一步克服難關。

高一生胡瑋成身上掛了密密麻麻的徽章，都是他訪問各隊工作站交流換來。同樣是高一的陳龍誼感受到代表台灣出賽的榮譽感，在其他隊伍裡遇到台灣僑胞興奮相認，稱許他們在工作站掛國旗。

每一屆比賽的任務都不一樣，本屆題目在1月初全球發表之後，各隊開始設計規劃。莊柏凱介紹，機器人的功能包括拉桿、轉盤、投球三個主要功能，都是同學合作的成果。夏德旭說：「一個零件很簡單，好幾百個零件組成機器人，還要可以工作，那真不容易。」

台灣的學校以奧會模式參與FRC世界機器人競賽，使用白底、梅花圖樣的會旗、唱國旗歌，但大會沒有強制禁止在工作站掛國旗。

拿下新秀全明星獎之後，中正高中團隊將在4月進軍底特律的總決賽。莊孟蓉表示，這次能夠成行，要感謝台北市政府教育局、中正高中校友會和家長會與多家贊助廠商、洛杉磯當地僑胞。

今年洛杉磯北區（Los Angeles North Regional）有42支隊伍參賽，中正高中與另一支荷蘭隊伍是唯二非美國的外國隊伍。特別的是，比賽場地是籃球明星布萊恩創立的運動學校。

布萊恩與女兒在1月底墜機過世，當時機上9人就在前往曼巴運動學院的路上。「曼巴運動學院」（Mamba Sports Academy）是一所全方位的訓練機構，室內空間有沙灘排球場、籃球場、重量訓練室、防護室等設備，招收對象涵蓋初學者到職業運動員。

機器人競賽聚集好幾千人在賽場、工作站，歡樂氣氛已經沖淡一個多月來痛失Kobe的哀傷。高二的夏德旭除了參與製作機器人，平常也是籃球迷，踏上這個場地時，他蹲下來摸摸地板，感受Kobe曾經踏上的場地。（編輯：陳惠珍）1090303"
https://www.cna.com.tw/news/firstnews/202010280059.aspx,國軍戰車隱匿廢五金堆蓄勢待發 創意源自變形金剛,2020/10/28,"（中央社記者游凱翔桃園28日電）陸軍584旅今天在桃園民間資源回收廠實施戰力防護演練，官兵發揮想像與創意，將雲豹甲車偽裝成工程起重車，勇虎戰車隱匿廢五金堆裡，有如電影「變形金剛」博派金剛隱身資材場，待敵人出現立刻出動，給予迎頭痛擊。

共軍頻頻對台文攻武嚇，為強化國軍戰力，屬「戰備月」一環的「戰備週」操演，從26日晚間至30日、一連5天4夜在全台各作戰區展開，採實兵、不實彈方式進行，各地民眾和軍武迷都有機會親眼目睹戰車、甲車在營區外來回奔波演練。

陸軍584旅上午在桃園地區資源回收廠實施戰力防護演練，參與演訓官兵將木板漆成黃底黑邊，把雲豹八輪甲車偽裝成工程起重車，CM-11勇虎坦克則完整藏匿在廢五金堆裡，民眾路過時完全無法察覺身旁就藏著一輛威力無比的戰車，偽裝相當成功。

聯兵營長張孟蒼中校表示，部隊把CM-11勇虎戰車藏匿到廢五金裡偽裝，就像電影「變形金剛」中「博派」金鋼，在變身前以車輛型態隱匿在資源回收廠中，待「狂派」金剛出現，立刻從隱蔽處出動，給予敵人迎頭痛擊。

把雲豹甲車偽裝成工程起重車，則是聯兵營官兵發想，利用一般木材、角鐵結合施做，把雲豹甲車偽裝成工程車，張孟蒼說，這個構想是因部隊集結點周邊工廠林立，許多工程車與起重車進進出出，因此將雲豹偽裝融入背景，達到隱蔽掩蔽效果，讓敵軍誤判。

這次演練重點是戰力保存，包括「現地偵查」、「圖上兵推」、「現地戰術」、「實兵演練」，讓所有部隊可以藉由地形地物、橋樑涵洞、民間廠商與地下化設施等等堅固的建物，運用偽裝資材，達到防護作為。

今天除了584旅上午在桃園地區資源回收廠實施戰力防護演練外，國軍多個單位也分別在北部地區實施機動裝載、隱蔽作為、戰力防護、反擊接敵運動、彈藥再整補、夜間機動、野炊、運用民間設施膳食補給等課目。

另外，隸屬陸軍航特601旅，AH-64E阿帕契攻擊直升機、UH-60M黑鷹直升機各1架，明天上午將降落在新竹高鐵站旁的空氣品質淨化區，實施熱加油、熱掛彈等戰時補給演練。（編輯：郭無患）1091028"
https://www.cna.com.tw/news/aipl/202011170083.aspx,募集人心爭取認同 國民黨設電商中心賣商品,2020/11/17,"（中央社記者劉冠廷台北17日電）國民黨電商中心今天成立，黨主席江啟臣表示，這不是為了營利，是募集人心的一個過程，爭取更多的認同；此外，他也透露，國民黨的募款餐會已在規劃中，規劃完成後，會再向外界報告。

國民黨青年部今天舉辦電商中心成立記者會，兼任電商中心執行長的青年部主任陳冠安表示，首波商品將配合黨慶和110年元旦，以ROC FOREVER作為主視覺，推出潮T、潮帽和環保袋三項文創產品。總額9999件的商品，更是象徵中華民國長長久久的祝福意涵。

陳冠安也說，這次電商中心籌備，不只是要改善黨的財務狀況，更重要的是透過電商中心，擴大與社會和青年世代的交流與接觸，把更多創新的元素融入國民黨的DNA裡，讓國民黨能展現不一樣的面貌。

受邀出席記者會的江啟臣則表示，電商中心的開幕不是只有單純的營利，營利不是重點，重點是如何藉由此平台，將國民黨與新創、文創、青創結合在一起；這也不只是為了行銷，更重要的是到電商下單者，都是代表著對國民黨理念、理想的支持。
談到未來營收的目標，江啟臣說，政黨的存在不是以營利為目的，包括賣小物、募款在某種程度上，是募集人心的一個過程，希望藉由商品讓更多人給予支持與認同，最重要的是藉由民眾購買商品的過程，能夠了解國民黨、支持國民黨，進而加入國民黨，因此沒有設定營利目標，不要虧錢就好了。

媒體追問有關募款餐會的相關形式與時程，江啟臣僅說，募款餐會還在規劃中，待規劃完成會請國民黨副秘書長李彥秀對外報告；他也說，一個政黨有募款餐會都很正常，過去國民黨在一些地方黨部也辦過募款餐會，同樣的目的，就是藉由這樣的過程中，讓民眾更了解、認同國民黨。（編輯：林興盟）1091117"
https://www.cna.com.tw/news/ahel/202011280116.aspx,校友捐資 屏科大讀書房可坐臥躺趴,2020/11/28,"（中央社記者郭芷瑄屏東縣28日電）國立屏東科技大學由校友段津華捐資改建的讀書房今天揭牌，讀書房顛覆以往圖書館只能坐著看書，在設計上不但可以坐、臥、躺、趴，還有小包廂，希望讓學生能輕鬆閱讀。

段津華經營建設公司提供建造方面專業技術及經費支援，負責硬裝設施經費，校方負責軟裝設施經費，共同聯手打造全新的圖書與會展館一樓閱讀室空間「宏普享讀書房」，今天由段津華與校長戴昌賢共同揭牌。

段津華為屏科大前身屏東農專森林科59年畢業校友，畢業迄今已超過50年，與學校斷訊近30年，5年前因一則屏科大港生重大車禍新聞捐款事宜與母校重新取得聯繫。

段津華近幾年間持續關注學校發展與關懷校內師生，捐贈屏科大學生獎學金及教學研究經費，他今天在揭牌致詞表示，希望透過改善學校閱讀空間，讓屏科大學生在閱讀資源上不匱乏，也能破除城鄉差距對求學落差，享受閱讀、熱愛閱讀。


戴昌賢說，現代人上網時間比實際閱讀時間多甚至已不再閱讀，屏科大自106年起便希望逐漸改善圖書館的設施與閱讀空間，為讀者營造良好的享讀環境。

「宏普享讀書房」設計主要以享受閱讀為出發點，閱讀並非一定要正襟危坐，可以坐、臥、躺也可以趴，只要能夠沉浸專注於書，各種姿態都能猶如身處黃金屋。包廂區隔開每個小空間閱讀和討論，窗邊設計高腳桌椅可一覽校園一隅綠意，也有一般的長桌供學生運用。（編輯：孫承武）1091128"
https://www.cna.com.tw/news/firstnews/202005260059.aspx,吳朋奉從文青詩人到三金浪流連 一生飄撇始終豁達,2020/5/26,"（中央社記者趙靜瑜台北26日電）角色上身，演什麼像什麼的三金影帝吳朋奉從小父母離異，曾以寫詩度日，寫的還是台語詩；他於2012年7月在台北電影節上受邀頒獎還脫稿演出「反核宣言」，藝術家性格十足。

法醫：吳朋奉25日因腦中風過世
吳朋奉雨中戲台永遠缺席 王榮裕哽咽憶30年哥兒們情
吳朋奉過世 劉克襄哀慟：無緣再討教台語教育
吳朋奉是外省第二代，父親1950年從福建省詔安到台灣結婚生子，但8歲時父母離婚，吳朋奉跟著父親在三重成長，高中從日間部唸到夜間部，退伍後曾做過印刷廠監工，為了幫同事保障勞工權益，他在廠內宣傳勞基法每年應該有多少天休假，最後被老闆發現，馬上被開除。

後來吳朋奉加入劇團「零場121.25」，受到團長周逸昌影響，踏上表演之路，學習傳統民間技藝車鼓、番婆弄、鼓花、家將、太極等訓練。

生活歷練多，也讓吳朋奉的演技立體自然，宛如角色上身，深具說服力，無論是舞台劇、電影到電視，都是演什麼像什麼。

吳朋奉曾加入優劇場、河左岸劇團，1996年演出江之翠南管樂府劇團「一念萬年」，該作獲邀參加巴黎biennale festival de dance國際雙年舞蹈節，吳朋奉順便留在歐洲流浪半年。

1999年吳朋奉接演金枝演社「群蝶」，兼任該劇副導演，陸續演出「台灣女俠白小蘭」、「可愛冤仇人」、「羅密歐與茱麗葉」、「祭特洛依」以及「浮浪貢開花」等代表作，並活躍於劇場，參與多部舞台劇演出，角色多元，古典現代均所擅長。

今年年初吳朋奉本來要演金枝演社大戲「雨中戲台」，但因疫情延期，留下未竟遺憾。

吳朋奉雨中戲台永遠缺席 王榮裕哽咽憶30年哥兒們情
劇場雕琢演技，電視跟電影則讓吳朋奉發光發熱。他陸續拍攝電影「雙瞳」、「深海」、「詭絲」、「最遙遠的距離」、「愛的發聲練習」等，也擔任「牆」、「海角七號」演員與表演指導。

吳朋奉2008年以「木棉的印記」獲得第43屆金鐘獎迷你劇最佳男主角，2010年以「父後七日」獲得第47屆金馬獎最佳男配角，2011年以「歸途」獲得第13屆台北電影節最佳男演員，2019年以「第一響槍」獲得第54屆電視金鐘獎迷你劇集／電視電影男主角獎，是成功摘下金鐘獎、金馬獎、台北電影節獎座的「三金影帝」。

吳朋奉曾在接受媒體訪問時表示，30歲時是文青掛，真正寫詩還投稿報紙副刊，而且用台語寫。除了被報社刊登，還在台詞中出現，令人印象最深刻的就是「父後七日」的經典台詞：「我幹天幹地幹命運幹社會／你又不是我老爸／你給我管這麼多？」眼神凌厲，頂天立地，中氣十足，為整部電影留下代表性的一幕。

此外，吳朋奉去年參加中央社文化+「作伙走台步」新書發表會，他說童年時對台語的打壓相當嚴重，雖然在學校講台語就要罰錢，但台語也沒有消失，「過去經歷了那麼大的壓迫，台語依然屹立不搖，時至今日這麼多人感覺到台語的危機，一定會有更多人投入保存，台語的未來並沒有那麼悲觀」。


吳朋奉個性隨性豁達，也曾多次表達「生不帶來，死不帶去」；擁有三金頭銜，他的生活依舊苦哈哈，角色則不脫艱苦人。2年前他陸續為茄子蛋樂團拍攝單曲MV「浪子回頭」、「浪流連」，在YouTube引發熱烈討論，邀演從四面八方奔來，不求金錢名利，他說：「不能讓生活陷入困境，錢夠用就好。」

吳朋奉也曾說過目前已經很少寫詩，但常常還是有寫詩的感覺，創作對他來說隨興居多，「我不覺得作品是多重要、多了不起的事情，人生海海，會留下的就會留下，不會留下的沖走就算了，活著就好」。沒想到傳來24日過世消息，也留給喜愛他的影迷無限哀傷。（編輯：張芷瑄）1090526"
https://www.cna.com.tw/news/ait/202007170031.aspx,史上最近距離 太陽特寫照大公開,2020/7/17,"（中央社巴黎16日綜合外電報導）科學家今天表示，他們拍下有史以來最接近太陽的照片，這是研究對地球可能有深遠影響的太陽風和閃焰的泛歐任務一部分。

歐洲太空總署（ESA）的太陽觀測衛星「太陽軌道號」（Solar Orbiter）今年2月從美國佛羅里達州的卡納維爾角（Cape Canaveral）發射升空，上個月首次通過近日點，將接近太陽表面、前所未見的自然現象照片傳送回地球。


歐洲太空總署太陽軌道號專案科學家穆勒（Daniel Muller）說：「第一批傳回來的照片超乎我們期待。」

「我們已經可以看到非常有趣的自然現象，是以前我們無法觀察到的細節。」

「這讓我們有信心，太陽軌道號將能幫助我們解答關於太陽深奧且尚待解決的問題。」

特別的是，科學團隊觀察到數十道微型閃焰，這種微型閃焰被科學家稱作「營火」，之前從未有人捕捉過影像。

比利時皇家天文台（Royal Observatory）太陽科學研究員柏格曼（David Berghmans）說，「營火」比起可從地球上觀察到的太陽閃焰，還要小好幾百萬倍。


不過，柏格曼說，研究團隊觀察到的最小微型閃焰，跨度也達約400公里，「差不多是一個歐洲小國的大小」。

太陽風和閃焰會射出數十億顆高電荷粒子，對地球等行星造成影響。儘管經過數十年研究，科學家仍無法充分瞭解這個現象。（譯者：陳昱婷/核稿：曾依璇）1090717"
https://www.cna.com.tw/news/firstnews/202001190037.aspx,外交部：台灣是台灣 非中華人民共和國一部分,2020/1/19,"（中央社記者顧荃台北19日電）中國與緬甸18日簽署聯合聲明，外交部發言人歐江安表示，外交部表達嚴正抗議，並對此貶損中華民國台灣國家主權的不實表述予以譴責。

外交部嚴正重申，台灣是台灣，不是中國的一部分，「當然更不是中華人民共和國的一部分」。

中國國家主席習近平訪問緬甸，18日中國與緬甸簽署聯合聲明，在台灣議題部分提及：「緬方重申堅定奉行一個中國政策，認為台灣、西藏、新疆是中華人民共和國不可分割的部分」。

對此，歐江安表示，外交部表達嚴正抗議，並對此貶損中華民國台灣國家主權的不實表述予以譴責。外交部嚴正重申，台灣是台灣，不是中國的一部分，只有民選的台灣政府才能在國際間代表台灣人民。中國政府沒有一天統治過台灣，無權在國際上代表台灣人民。

歐江安指出，近來中國政府將其虛構的「一個中國原則」，強加於其他國家、國際組織及國際企業的做法幾近瘋狂。中國政府在國際社會強行推銷「台灣屬於中華人民共和國」的蠻橫做法，只會重傷兩岸人民的情感，反而凸顯台灣不是中國一部份的事實與現狀，並迫使民主台灣與威權中國劃清界線，也徒增台灣人民對於中國政府橫蠻霸凌的反感與厭惡。

歐江安說，在中國高度壓力及不當干預下，台灣仍於1月11日順利完成第15任總統副總統及第10屆立法委員選舉，結果受到國際社會的高度肯定與讚揚。大選結果已充分展現台灣人民堅拒中國政府大力推銷「一國兩制」的國家意志。

她說，外交部呼籲中國當局，必須尊重台灣大選結果，並面對現實、放棄對台灣的壓迫，如此才可能實現兩岸的良性互動。（編輯：楊凱翔）1090119"
https://www.cna.com.tw/news/firstnews/202007150069.aspx,農遊券藝FUN券動滋券客庄券 怎麼抽籤哪裡可用一次看,2020/7/15,"（中央社網站更新）振興三倍券15日上路，農委會的農遊券、文化部的藝FUN券、教育部體育署的動滋券與客委會的浪漫客庄旅遊券也接連登場，民眾從事各領域的休閒活動，都有好康優惠可拿。

農遊券
發放數量：限量500萬份
取得方式：7月9日至18日網路登記，分兩梯次抽籤
抽籤資格：領有中華民國身分證或持居留證的非本國籍配偶
使用時間：中籤通知後60天內
可用範圍：超過2000家合作業者可消費抵用，項目含門票、各項農業體驗（含農事、生態、導覽、田園餐飲、個別營業場域內套裝遊程）活動、農漁特產品或伴手等。

喜歡農村旅遊的民眾，可以爭取農委會的「農遊券」，預計將抽出500萬份得主，每份價值250元，共動支12.5億元預算。

「農遊券」已於14日第一梯次抽獎，19日將抽第二梯次。據農委會輔導處統計，截至13日有165.5萬人登記，未超過原訂每波抽出250萬份，等於是首抽人人中獎，並因500萬份農遊券都要送出去，下一波抽獎名額比原訂250萬份更多，中獎機率大幅提高。

農委會指出，如果家中小孩沒手機，每支手機號碼可以登記3人；並提醒農遊券不找零、要一次用完，須於獲通知後60天內用罄。

農遊券登記合計512萬人 第2波抽籤中獎率逾9成
250元限量500萬份 路邊買菜逛花市都可用
藝FUN券
發放數量：限量200萬份
取得方式：7月18日至20日下載APP登記抽籤
抽籤資格：領有中華民國身分證或持居留證的非本國籍配偶
使用時間：7月22日至12月31日
可用範圍：包含「藝文展演場館及音樂展演空間」、「書店及唱片行」、「電影院」及「藝文展演預購票券」等4大類型超過1萬間店家。

文化部為振興藝文產業發展，加碼新台幣12億元，推出200萬份、每份600元的「藝FUN券」，可在博物館、演藝廳、書店、唱片行、電影院、Live House等全台灣超過1萬家以上店家使用。

想抽中「藝FUN券」，18日到20日需下載「藝FUN券」App及註冊，限定一人一機，預計21日線上直播抽籤，22日起開放使用，期限至年底。

App下載連結（7月18日上午9時可供下載註冊）－iOS、Android。

藝FUN券得主出爐 身分證尾數0、3、4、5、7、8、9中籤
藝FUN券18日APP下載 可打賞給街頭藝人
600元藝FUN券振興加碼 買書買票看電影適用
動滋券
發放數量：限量400萬份
取得方式：7月20日至26日網路登記抽籤
抽籤資格：領有中華民國身分證或持居留證的非本國籍配偶
使用時間：2020年8月8日至2021年1月31日
可用範圍：運動場館、體育活動、觀賞運動賽事、購買運動用品等皆可使用，可至「動滋網」搜尋有參與本案之店家。

有靜也有動，教育部體育署提撥運動發展基金新台幣20億元，發行400萬份500元的「動滋券」，20日至26日採分流登記，身分證字號末碼為單數的民眾，可於週一、三、五登記，末碼雙數民眾於週二、四、六登記，週日單雙數都可登記。預計28日公開抽籤，使用期限至今年底。

體育署指出，中籤者可向符合參與資格的業者出示QR-Code購買商品、抵用或支付差額，也可到動滋網申請認證碼，透過業者的線上平台會員系統購買商品，結帳時選用動滋券結帳或支付差額，抵用不限次數，至金額用罄為止。

體育署推動滋券點火 潘文忠鼓勵業者加碼
500元可觀賽買運動用品 抽籤方法QA一次看
動滋券26日截止申請 民眾反應超乎預期登記突破550萬人
浪漫客庄旅遊券
發放數量：限量28萬份
取得方式：Line官方帳號登記抽籤（敬老家庭7月15日至19日、一般民眾7月22日至28日）
抽籤資格：領有中華民國身分證或持居留證的非本國籍配偶
使用時間：8月1日至12月31日
可用範圍：全台11縣市70個客家文化重點發展區張貼「浪漫客庄遊指定店」標章之餐飲、伴手禮等零售商店及民宿業者，預計達4000家。

客委會推出的「浪漫客庄旅遊券」，每人可領等值新台幣800元，總名額達28萬人，可用於全台11縣市70個客家文化重點發展區指定店消費，預計合作達4000店家；民眾消費滿100元即可折抵一張旅遊券，最高一次折800元。

「浪漫客庄旅遊券」的申請方式是持身分證、居留證以Line加入客委會官方帳號申請，一證限領一次，8月起正式使用。

客委會指出，第一階段先開放65歲以上的敬老家庭，即日起到19日前登記（每名晚輩可協助最多2名長者登記），20日以電腦隨機方式選出；第二階段一般民眾預計於22日起到28日開放登記，並於29日隨機抽選。（編輯：張芷瑄、鄭懿君）1090716
"
https://www.cna.com.tw/news/firstnews/202011240191.aspx,記錄反送中、採訪流亡來台港人 中央社沈朋達獲卓越新聞獎,2020/11/24,"（中央社記者葉冠吟台北24日電）卓越新聞獎今天舉行頒獎典禮，本屆卓越新聞獎新聞志業特殊貢獻獎，頒給「上報」董事長王健壯；中央社記者沈朋達則以「香港反送中抗爭」專題，獲平面及網路文字類即時新聞獎。

專題新聞如下：
在異鄉尋找出路 數百名香港示威者流亡來台
國安法是遲早的事 港人盼在台延續國際戰線
國安法出籠 專家：北京改變政策主動出擊
煲底相見無期 國安法滿城風雨泛民前景多憂
港人力爭民主自由是北京國安威脅 沒有妥協餘地

第19屆卓越新聞獎下午舉行頒獎典禮，卓新獎基金會董事長蘇正平表示，過去一年對台灣與世界都是震盪時刻，新聞工作者面臨極大挑戰，「但在最困難的時刻，越能做出最好的新聞」。

獲得卓新獎新聞志業特殊貢獻獎的王健壯出身傳統媒體，但對於數位匯流下的新媒體發展研究不遺餘力，創辦「新新聞」、「明日報」、「風傳媒」、「上報」等重要媒體，在新聞生涯中，不管任何政黨執政，堅持站在權力的對立面，筆耕不輟，以專欄針砭時政、激勵同業。

王健壯致詞表示，自己是相信老派價值的老派記者，「媒體是永遠的反對派，媒體是永遠的反對者，以道抗勢，不應該依附權勢。」他認為價值沒有新舊之爭，老派價值不論在威權、民主時代皆重要，「在傳統媒體時代重要，在社群媒體、後真相時代更重要」。

中央社記者沈朋達以「『離開定係留低』－香港反送中抗爭系列報導」，獲得平面及網路文字類即時新聞獎。

沈朋達表示，「離開定係留低」是廣東話的「離開還是留下」，是他在採訪香港反送中時最常聽到香港人討論的問題。他坦言在歷史巨變中，作為一名記者，最多只能當記錄者寫出歷史的初稿。最後感謝受訪者把故事交給他，願他有忠實記錄下這個時代的記憶、每個徬徨而堅決的身影，「這份肯定屬於你們，屬於香港」。

評審團主席丘岳表示，今年參賽作品高達697件，共頒發16個獎項皆創歷年新高，他也向第一線新聞記者致敬，在疫情肆虐下仍衝鋒陷陣，「克服困難得到的成果不輸往年」。

第19屆卓越新聞獎得獎名單如下：

新聞攝影獎部分，單張得獎者為獨立記者翁清雅的「恐懼時刻」（發布於澎湖時報）；系列得獎者為報導者陳朗熹的「香港反修例運動－烈火黑潮」。

即時新聞獎部分，平面及網路文字類得獎者為中央通訊社沈朋達的「『離開定係留低』－香港反送中抗爭系列報導」；電視及網路影音類則由公共電視的「『荒日下煙硝四起』記香港理工大學抗爭」奪下。

國際新聞獎部分，平面及網路文字類得獎者是鏡週刊的「國家的囚徒：中國709大抓捕案律師王全璋」；電視及網路影音類得獎者是三立電視台的「史上最大．漂日行動」。

廣播及網路（音頻）類，國際或全國新聞獎得主是內政部警政署警察廣播電台的「『要不要找麻煩』系列報導」；地方新聞獎則由國立教育廣播電台花蓮分台的「水泥窯燒垃圾、花蓮的危機或轉機？」獲獎；今年新設的Podcast新聞獎，得主是法律白話文運動的「法客電台 by楊貴智」。

調查報導獎部分，平面及網路文字類得獎者是上下游新聞市集的「光電侵農大調查：直擊上百案場，揭發四大亂象」；電視及網路影音類得主是民間全民電視股份有限公司的「消失的農地系列報導」。

深度報導獎部分，平面及網路文字類得獎者是聯合報的「隱形農業大軍」；電視及網路影音類得獎者是公共電視的「見不得的光系列報導」。

新聞評論獎得獎者為天下雜誌專欄作家的「張潔平專欄〈為時代記錄，香港的陷落〉」；另外今年新設的第二個獎項、新聞敘事創新獎，則由端傳媒的「莫拉克十年專題頁面：雨停之後，台灣日漸改變的臉」奪下。

每日新聞節目獎，則由聯利媒體股份有限公司的「十點不一樣」獲獎。（編輯：張雅淨）1091124"
https://www.cna.com.tw/news/afe/202003290088.aspx,17年前壓箱寶 台灣做出第一件P3級防護衣,2020/3/29,"（中央社記者潘羿菁台北29日電）位於印尼成衣廠內，一排產線人員正在車縫一批批布料，車縫完還要按照縫線細心折好，嚴禁「丟包」，只能用雙手奉上交付給後排同仁趕製下段工序。

這是聚陽在印尼工廠生產醫療防護衣的現況，每個人正在趕製這批急單，準備搭上華航班機，優先回台直達衛福部。

聚陽所生產的，是P3等級醫療防護衣，可以有效阻隔病毒入侵。這是高等級的醫療防護衣，卻由成衣廠全包下衛福部10萬件緊急防疫訂單，也吸引總統蔡英文在3月16日第一次踏進聚陽台北總部參訪。

土法煉鋼一直試 做出台灣第一件P3級防護衣
一家僅成立30年的成衣廠，在台灣紡織產業歷史中，才剛邁入「而立」階段。過去從未生產銷售醫用防護衣，專攻平價流行服飾市場的聚陽，卻可以奪得全台第一家生產P3防護衣廠家的頭銜，一時間令外界摸不著頭緒。

聚陽董事長周理平笑說，其實答案很簡單，這是早在17年前就完成開發的研發成果。

原來，束之高閣的壓箱寶，就這麼擺了17年，至今才派上用場。

2003年台灣歷經SARS，聚陽董事長周理平回憶，那時候台灣醫用防護衣大多仰賴進口，政府認為，應該要在這塊領域著墨，透過經濟部工業局發起科專計畫，「我們就去申請了呀」。

儘管話說得輕鬆，但是做流行服飾的成衣廠要跨入醫用防護衣，即便是外行人也覺得技術層次「跨很大」。那時毫無經驗的聚陽，沒有相關專家可以請益，聚陽跨領域創新中心專案總經理廖白蓉笑說，一切都是土法煉鋼，就是一直試、一直試。

從發想階段開始，廖白蓉思索著防護衣目的是隔絕外在污染源，就跟雨衣要隔離雨水概念相似。於是她帶著研發團隊，直接跑到雨衣工廠觀摩，從生產技術、製程到機器設備，每個環節勤做筆記、細心觀察。

就這樣一點一滴堆疊相關知識，了解防護衣關鍵技術在於防水膠條的黏合，也連帶認識防水膠條黏合專用設備。她說，在當年，即便是運動衣，也很少用膠條。

駐廠一段時間後，聚陽研發團隊進入實作階段，第一步就是先買台設備練兵。周理平拍板讓同仁添購超音波花邊縫合機，擺在實驗場域，天天用不同溫度嘗試布料與防水膠條貼合度。

廖白蓉說，溫度太高會讓布料破洞；反之，溫度太低，膠條不能完全服貼，就無法達到防滲透效果。再加上，止水膠條成分特性，貼合在不同布種，效果也不一樣。可以想見，貼合要成功，必須找到「眉角」。

就這樣，研發團隊每天埋頭苦幹，不斷貼合檢測、貼合檢測，終於在3個月後研發出防水膠條貼合方式，順利取得專利。

不過在聚陽準備拿出辛苦研發成果之前，台灣SARS警報解除，這項研發計畫來不及付諸上市，只能紀錄成冊。

17年後，大規模傳染病毒再度捲土重來，周理平在過年前夕就提醒研發團隊，是時候把當年研發成果拿出來「複習」。政府提前部署防疫工作時，聚陽同樣提前布局生產節奏。

經濟部一通電話 聚陽拚4月底交10萬件防護衣
因此，當經濟部致電給周理平時，他說，幾分鐘內就決定幫忙了。

接下任務後，聚陽一週內便完成樣衣製作與檢測，力拚3月底出貨、4月底完成10萬件防護衣。不僅如此，聚陽還挪出越南工廠部分產能，額外承接政府委託22萬件隔離衣，總計32萬件，預計在5週內出貨交付完成。

周理平說，身為成衣代工廠，經常遇到客戶急單，接單後開始聯繫品管、生管與原料端，在內部幾乎形成SOP；今天的隔離與防護衣，也是一種急單，只是交易對象並非平日往來的客戶。

畢竟頭一回量產防護與隔離衣，工廠端由總廠長親自督軍盯生產進度。同時為了加快生產效率，防疫專案小組討論後，決定將生產製程拆解成一個口令一個動作；拆解愈細、員工上手速度愈快，也就是所謂的製程標準化。

製程標準化向來是成衣廠擅長領域，流行服飾造型變化多端，無法用一名員工從頭到尾做完一件衣服，透過生產流程切割成一個個標準動作，讓員工做重複動作時，形成慣性後就容易上手，生產效率跟著提升。

廖白蓉舉例，衣服會有領子、袖子，我們就會安排一批專門做領子，另一批專做袖子。

不過防護衣與一般衣服不同的是，防護衣所用的布料，是經由後加工塗布化學藥劑，主要是防止液體或病毒滲透，因此必須維持表面塗布層完整性，哪怕是微小刮痕都不行。廖白蓉說，產線同仁將半成品轉送到下一道工序時，必須要一件件摺好往上疊，「絕對不能用丟的」。

有趣的是，當年聚陽所試製的樣衣強調隔絕性，這回生產防護與隔離衣則是添加透氣舒適性。周理平認為，醫護人員一穿就是好幾個小時，若增加舒適性，也是對第一線防疫人員的體貼。

如果當年沒有申請防護衣科專計畫，今天能否同樣在兩週內開始出貨。周理平想了一下說，「不容易喔，接到（工業局）電話之後，可能沒把握如期交貨」。

下一階段，聚陽將在嘉義建立防護衣產線，初期將建置月產1萬件防護衣產線，最終拉高至5萬件，協助政府建置未來防疫產能。不過台灣工資成本偏高，估計嘉義防護衣產線，平均一件製造成本逾新台幣240元，光要打平就不容易，更遑論盈餘。


僅管政府無法承諾後續防疫戰備收購量，周理平卻已著手準備申請GMP工廠與ISO認證，長期駐紮嘉義工廠的念頭已確定，宣告著開闢新局進軍醫療耗材市場。

周理平笑說，「反正我們是科專申請常客」，這番話似乎透露著，聚陽口袋裡還有很多壓箱寶，正醞釀創造新商機。（編輯：張良知/林淑媛）1090329"
https://www.cna.com.tw/news/firstnews/202012310198.aspx,林琪兒141天太空夢幻旅行 震懾台灣之美從宇宙拍下珍貴照片,2020/12/31,"（中央社記者林宏翰、周世惠洛杉磯／舊金山30日專電）台裔太空人林琪兒（Kjell N. Lindgren）入選登月計畫，首次接受台灣媒體專訪，分享5年前從太空看台灣的感動。

美國國家航空暨太空總署（NASA）12月11日公布阿提米絲（Artemis）登月計畫18名太空人名單，目標2024年把一男一女送上月球。47歲、來自混血家庭的林琪兒成為下一個登月太空人的候選人。

林琪兒今天接受中央社視訊專訪，分享台灣相關的小故事及5年前在國際太空站停留141天的夢幻歷程。

「自從有記憶以來，我一直想要成為一個太空人。」林琪兒說，有機會在太空站上工作與生活，真是美夢成真，尤其是「深吸一口氣，從太空中看著地球」這樣的經驗，每次回想都覺得不可思議。

在地球軌道上待4個多月，林琪兒說，有別於影片看到的短程任務，在低軌道上生活必須適應環境。人類在太空站上工作實驗已20多年，這是一個工程奇蹟，不是個人成就而是無數人合作的成果。

林琪兒2015年在太空站的獨特經驗，也是許多台灣人認識他的起點。當時他透過推特（Twitter）分享從太空看台灣的照片與影片，台裔背景受到注意。當太空站行經台灣，台北天文館號召民眾向太空站揮手打招呼。

5年之後，林琪兒在專訪中向台灣民眾的祝福致謝，分享想要拍下台灣的動機「我會拍下這些照片，因為台灣真的很美」。他說，台灣是他出生的地方、母親的故鄉，有種特別的關連。

林琪兒說，在太空站上總是期待著飛越自己喜愛或住過的地方時能好好看一眼，「我們大可看Google地圖，但是當你知道，這是有人從太空用肉眼看到這樣的景色，拍下這樣的畫面，那是非常特別」。

林琪兒台北出生，幼年住在台中2年多，原因是瑞典裔美籍的父親當時在台中清泉崗空軍基地服役，認識當時在銀行工作的母親張楚筠，兩人在銀行相識，之後相戀結婚。

張楚筠祖籍武漢，幼年隨著中華民國政府來到台灣，在台中成長求學，大學畢業後在清泉崗基地的銀行上班。結婚後，隨著林琪兒父親工作調動，一家人住過英美多個城市。

媽媽來自台灣，爸爸是美籍瑞典移民，林琪兒中英文名字呈現了這樣的融合背景，幫忙取名的是父親的中文老師。「爸爸的瑞典姓氏Lindgren中文取做林，琪兒跟我的名字唸起來像，外公外婆也比較好叫」。

餃子、包子、粽子是林琪兒最愛食物。他有一個在洛杉磯擔任臨床心理師的妹妹，兄妹成長過程中儘管接受多元文化洗禮，台灣媽媽的手藝還是最撫慰人心。林琪兒說，媽媽做的冰鎮綠豆湯加粉圓也是最愛的一道甜點。

林琪兒還記得1994年就讀美國空軍官校時，曾到台灣進行2週的語言交換，藉此機會到各地走走。但26年過去，他笑說中文都忘得差不多，需要特別加強，期待疫情過後，有機會再度造訪台灣。（編輯：黃自強）1091231"
https://www.cna.com.tw/news/afe/202008010047.aspx,為AI隱私權把關 Google盼深化台灣學界交流,2020/8/1,"（中央社記者吳家豪台北1日電）Google於7月舉行AI創新研究營，與台灣學界進行深度交流。Google台灣董事總經理馬大康稱讚，台灣學界有「世界級」研究水準，希望未來在隱私權領域擴大交流，透過Google力量做出更多貢獻。

馬大康於國立成功大學電機系畢業後赴美深造，在1993年獲得華盛頓大學電機工程學博士學位，專注於電力系統與人工智慧（AI）專家系統的整合與創新。1997年他獲聘為國立中山大學電機系副教授，過去曾出版22篇論文及共同著作2本專業書籍。

接受中央社專訪時，馬大康提到，Google在「智慧台灣計畫」架構下，持續結合研究、交流及實作訓練，幫助台灣培養AI人才。今年7月Google舉行AI創新研究營，邀請旗下人工智慧公司DeepMind專業研究員參與資訊分享，幫助台灣提升在全球AI趨勢下的競爭力，同時推動AI教育普及化，提供產業創新動力。

今年5月Google宣布把全球大學交流計畫拓展至台灣，已收到台灣大學、清華大學、交通大學、成功大學等研究人員申請，未來將有機會與Google內部研究人員合作。馬大康預期，未來一到兩個月會有更多培育計畫及相關成果公布。

隱私權研究興起 台灣學界共襄盛舉
今年因為疫情影響，Google AI創新研究營做大膽嘗試，改為線上交流，獲得踴躍出席與討論。馬大康觀察，在台灣幾個重要的研究面向包括AI、雲端、系統、5G，而今年在AI創新研究營發現，台灣學術界很多正在積極進行的計畫是有關醫療保健、影像辨識領域，以及如何運用AI計畫與未來5G或其他雲端研究有更好結合。

在今年AI創新研究營的分享中，馬大康發現有關隱私權及個人資訊等主題，不僅在全球非常熱門，在台灣特別是台大也有興趣，Google希望透過更先進模式，能保證個人資訊在手機或載具端，不會因為透過AI學習造成任何外洩的可能，或者在資料上傳雲端時造成隱私權問題。

「很高興看到台灣在這部分已經有非常好的進展，也希望未來與台灣在這方面透過Google全球力量有更好的結合，有一些持續交流以及在全球更好表現。」馬大康說，這也是未來科技，從人的角度來看，最值得關注的議題。

台灣學術研究水準高 Google助攻再升級
馬大康指出，在交流過程中，他發現台灣學界有世界級研究水準，例如在疫情相關論文目前有非常好的表現，很多都已登上國際期刊。未來Google希望透過業界與政府、學界的合作，讓目前已經有好表現的世界級水準能有更好發展。

他說，目前台灣疫情相對穩定，當台灣生活慢慢回到常態，Google會思考如何透過業界力量，與社會、產業及政府投資做到更好接軌，能擴大Google研究成果，彰顯研究價值，同時讓Google有機會對社會做出更好貢獻。

馬大康認為，台灣工程師平均水準非常高，Google已加大Chrome OS研發中心的投資與成長，與台灣業界有更好合作，看好軟硬體整合將是未來台灣的競爭優勢，加上AI與其他後疫情時代主軸，Google都非常樂觀，希望未來與台灣有更好合作。

Google台灣重點目標 加強在地連結

談到未來的工作重心，馬大康說，首先希望讓Google平台與Chome OS在台灣合作能有更好連結，共同推動Chromebook在全球市場的成長，並協助程式開發者推出更好的創新，走向全世界。

此外，馬大康也希望進一步回饋台灣社會，雖然台灣在資通訊領域能力很強，可是在某些領域的世界觀還不夠深，Google希望透過很多師資培訓營或IT人員社團，幫助大家瞭解Google台灣過去的創新成果，並且在學界、教育界及業界能有更好互動，讓台灣業界在未來數位轉型過程中扮演重要角色。（編輯：潘羿菁）1090801"
https://www.cna.com.tw/news/firstnews/202010200094.aspx,播法廣節目內容惹議 教育電台喊卡教育部要求檢討,2020/10/20,"（中央社記者許秩維、葉冠吟、鄭景雯台北20日電）教育部所屬教育廣播電台轉播法國廣播電台節目，內容遭質疑「揚中貶台」。教育電台今天表示，已暫停轉播法廣節目；教育部也請教育電台檢討節目轉播機制。

自由時報今天報導，接獲民眾反映，教育部所屬國立教育廣播電台的「法廣」新聞節目，觀點近似中共主旋律，不時傳遞「揚中貶台」、「親中批美」，質疑有吹捧中國領導人習近平政策的大外宣等內容。

教育廣播電台今天表示，為達成中法實質文化交流，提供民眾學習法語的管道，中央廣播電台與法國國際廣播電台協議，以交互轉播節目方式進行國際廣播合作，央廣則商請教育廣播電台代為執行對國內部分的現場節目轉播。

教育廣播電台指出，為協助央廣達成台法交流，教育電台安排節目透過衛星傳送轉播「法廣華、法語節目」，三方均為無償合作，央廣本於言論自由精神和衛星技術即時性，並無事前審查，但節目內容如違製播宗旨，可即時終止轉播。

針對同步轉播的法廣節目內容遭質疑不合適，教育電台表示，19日晚間7時起已暫停轉播法廣節目。

文化部表示，央廣與法廣同屬國際廣播，長期互有交流，自2001年6月起，央廣基於台法交流，協助法廣接洽教育廣播電台，於教廣播出「法廣華、法語節目」，三方均為無償合作，央廣未參與節目製作及播出節目內容。

教育部指出，教育電台已停播法廣節目，將等評估後再決定是否復播，教育部也會將請教育電台針對節目檢討轉播機制，以加強節目播出內容的隨時掌握及因應處理。（編輯：屈享平）1091020"
https://www.cna.com.tw/news/firstnews/202011270007.aspx,「蛇蛇」胡碩傑傳加盟電競戰隊TSM 2年1.7億元創北美紀錄,2020/11/27,"（中央社華盛頓26日綜合外電報導）華盛頓郵報報導，北美電競聯盟知名戰隊TSM以2年600萬美元（約新台幣1.73億元）簽下台灣「英雄聯盟」電競好手胡碩傑（綽號蛇蛇，遊戲ID：SwordArt），據信已刷新北美LCS聯盟紀錄。

這份保障合約將支付胡碩傑2021年和2022年各300萬美元，打破韓國選手許勝勳（Huni）先前據傳所簽的2年230萬美元紀錄。

胡碩傑現年23歲，在台灣出生，他在剛結束的世界大賽協助帶領中國年輕黑馬隊蘇寧打進決賽。他的能力吸引TSM越南裔美國籍創辦人安迪．丁（Andy Dinh）的目光。

安迪．丁表示，他認為TSM有一天將成為職業美式足球聯盟NFL達拉斯牛仔隊、西甲足球豪門皇家馬德里及巴塞隆納的「綜合體」，600萬美元在「接下來10年內是一筆很小的投資」。（譯者：徐崇哲）1091127"
https://www.cna.com.tw/news/acul/202008220026.aspx,台灣學者史書美 獲聘UCLA薩伊德講座教授,2020/8/22,"（中央社記者林宏翰洛杉磯21日專電）加州大學洛杉磯分校（UCLA）比較文學系本月宣布，聘任台灣籍學者史書美為「薩伊德講座教授」。史書美受訪表示，台灣研究在美國學界長期邊緣化，很榮幸獲此頭銜，希望爭取更多發聲空間。

以「東方主義」（Orientalism）學說聞名世界，後殖民研究大師薩伊德（Edward W. Said）影響美國人文社會學科深遠。史書美表示，能以薩伊德之名擔任講座教授，對學術工作是一大肯定。

史書美在UCLA任教27年，現為比較文學系、亞洲語言文化系與亞美研究系合聘教授，致力華語語系研究（Sinophone Studies），擔任美國比較文學學會（American Comparative Literature Association）副會長。

台灣研究近3年在UCLA蓬勃發展，史書美是重要推手。她身為台師大校友，催生UCLA與國立台灣師範大學的台灣研究合作計畫，促成兩校研究生赴對方學校進修，在UCLA舉行台灣研究年會。

史書美在美創立華語語系研究，目的是打破「世界各地的華語和華人隸屬於中國」的中國中心主義框架，跳脫大一統概念，從多元角度出發，強調世界各地華人社群、華語文化的多樣性，為台灣學者、東南亞學者打開一個發聲的空間。

史書美從「學術正義」角度出發，凸顯台灣研究的重要性，「把台灣放回世界，以台灣為起點去理解世界」。她指出，幾十年來台灣不再是西方理論或中華文化的下游，發展出活躍的知識、文化與學術場景，學術正義的意涵就是「台灣演繹出來的特殊性，可以對世界的知識界有所貢獻」。

無論是在美推動華語語系研究、在UCLA發展台灣研究或回台參與台灣學者的「知識/臺灣學群」活動，在南韓出生、台灣念大學、學術生涯奠基美國的史書美坦言，為少數、邊緣發聲是她學術歷程長期關注的主題，這一點呼應了「薩伊德講座教授」的新頭銜。

史書美引用薩伊德提出的「現世性」（worldliness），說明學術研究與政治行動兩者之間難分難解的交纏狀態，文學、文化除了存在於紙上書中，具有文本性之外，同時會對現實世界發生交互影響。薩伊德身為巴勒斯坦裔美國人對以色列殖民巴勒斯坦的批判，就是最佳例證。（編輯：周永捷）1090822"
https://www.cna.com.tw/news/firstnews/202011230006.aspx,美國行政專機抵台 路透：美海軍少將低調訪問,2020/11/23,"（中央社台北/華盛頓22日綜合外電報導）兩名消息人士今天告訴路透社，無預警低調訪問台灣的美方人士，是一位負責美國在亞太地區軍事情報的美國海軍二星將領。報導說，這場高層級訪問恐激怒中國。

兩名消息人士中，包括一位熟悉內情的台灣官員。他們匿名告訴路透社，訪台的是海軍少將史都德曼（Michael Studeman）。

根據海軍官網，史都德曼是美軍印太司令部（U.S.Indo-Pacific Command）中，負責情報的J2部門指揮官。

美國國防部拒絕置評，中華民國國防部也不予置評。中華民國外交部22日證實有美國官員抵達台灣，但婉拒提供細節，並說這是不對外公開的行程。

路透社報導，目前不清楚史都德曼的訪台是否會被北京當局視為升高緊張局勢。無論如何，史都德曼都會是近幾年來訪台位階最高的美國軍官之一。

曾任美國在台協會（AIT）台北辦事處處長的卡內基國際和平基金會（Carnegie Endowment for International Peace）研究員包道格（Douglas Paal）表示：「如果是印太司令部J2部門的史都德曼，我沒聽過有這類訪問的前例。」

然而，曾在川普政府擔任國防部主管印太事務助理部長的薛瑞福（Randall Schriver）表示，川普治下的五角大廈一直以來都默默地例行性派遣一星將級軍官訪台。

他指出，鑒於中國軍事威脅，美國和台灣密切合作交換情報。

華府智庫「戰略暨國際研究中心」（CSIS）中國權力專案主任葛來儀（Bonnie Glaser）表示，將級軍官訪台並非史無前例。（譯者：蔡佳敏/核稿：盧映孜）1091123
"
https://www.cna.com.tw/news/firstnews/202011260103.aspx,韓國N號房博士房涉性犯罪 主嫌趙主彬一審判刑40年,2020/11/26,"（中央社記者廖禹揚首爾26日專電）韓國今年初爆發N號房事件，其中營運「博士房」聊天室販賣、散布性剝削影片的主嫌趙主彬（譯音）涉性犯罪等罪名，今天在一審中全判有罪，遭處40年有期徒刑。

韓聯社報導，趙主彬因違反兒童青少年保護法及組織犯罪等罪名，今天在法院一審判決中遭判有罪，除40 年有期徒刑外，個資將被公開10年、就業限制10年、穿戴電子腳鐐30年，並追徵一億多韓元（逾新台幣257萬元）。

同樣遭起訴的2名成年共犯分別遭處15年及13年有期徒刑；2名博士房付費會員各處8年及7年有期徒刑；另一名未成年共犯則處最長10年、最短5年徒刑。

法院表示，趙主彬利用多種方式引誘、脅迫多名受害者配合製作性剝削影片及照片，並長時間向多人散布，甚至有許多受害者個資遭公開。考量被告犯行重大且計畫周密，受害人數眾多且程度嚴重，認為有必要長期將被告隔離。

報導指出，宣判時趙主彬雖有些許驚慌，但仍安靜配合回到看守所。

趙主彬涉嫌在2019年5月至2020年2月間脅迫包括兒童、青少年在內的數名女性拍攝性剝削影片及照片，利用網路通訊軟體telegram販賣、散布，且有組織性地營運聊天室、招募會員等，被認定為犯罪組織。（編輯：馮昭）1091126
"
https://www.cna.com.tw/news/firstnews/202010030168.aspx,加拿大籍護衛艦 航經台灣海峽,2020/10/3,"（中央社記者游凱翔台北3日電）國防部今天表示，一艘加拿大籍護衛艦，由南海向北航經台灣海峽後繼續往北行駛，國軍運用聯合情監偵作為全程掌握，狀況正常；根據國防部公開訊息，上次加拿大軍艦航經台海，為去年9月渥太華號巡防艦。

國防部傍晚發布新聞稿表示，一艘加拿大籍護衛艦，由南海向北航經台灣海峽後，繼續往北行駛。

國防部指出，加艦經台灣海峽北駛期間，國軍運用聯合情監偵作為，全程掌握周邊海、空域相關動態，狀況均正常。

根據國防部公開訊息，上一次有加拿大籍軍艦航經台海，為去年9月10日的渥太華號巡防艦（HMCS Ottawa），以及去年6月18日的里賈納號（HMCS Regina），另外，去年還有8月15日菲律賓籍登陸艦南納卯號（BRP Davao del Sur）、4月6日法國籍的法國巡防艦葡月號（Vendemiaire），今天則是國防部今年首次對外公布美國籍以外的軍艦航經台海。（編輯：張均懋）1091003"
https://www.cna.com.tw/news/firstnews/202011240283.aspx,MIT潛艦國造抗壓機密 高噸數彎板機首曝光,2020/11/24,"（中央社記者游凱翔台北24日電）潛艦國造今天正式開工，「彎板機」畫面首度曝光。學者認為，台船已擁關鍵機具，高噸數彎板機估計至少具備將高張力鋼板進行精密捲揚，以符合潛艦壓力殼「真圓度」構型需求，以利抵禦深水壓。

國軍推動潛艦國造，今天在高雄台灣國際造船公司舉行「潛艦國造建造案開工典禮」，總統蔡英文致詞完畢後，按下啟動按鈕，彎板機將第一塊鋼板彎製成型後，象徵潛艦國造正式邁入建造階段，原型艦預劃2025年交艦。

這場開工典禮邀請媒體記者採訪，但並未開放媒體進入潛艦廠房拍攝，就連廠房的鐵門開啟後，從外面也無法窺探內部陳設，保密到家；但就在蔡總統按下按鈕時，主辦單位特別將廠房內彎板機的畫面透過轉播的方式投影在會場外，成為焦點。

中鋼開發出供潛艦國造使用的HSLA-80鋼板，國防部智庫、國防安全研究院學者蘇紫雲受訪表示，依照國際公開資料推估，潛艦開工也象徵台船已擁有若干敏感且關鍵的工具機，主要包括高噸數精密彎板機，估計至少具有將高張力鋼板進行精密捲揚能力，以符合壓力殼「真圓度」的構型需求，才能抵禦深水水壓。

其次則是自動焊接機台，可依造船型夾具進行精密焊接，在設定的溫度與移行速度進行焊接製程，維持鋼材的最高強度並避免焊縫成為結構弱點。至於潛艦建造進度的加速，推估也是台船與海軍團隊善用廠房船台的空間與工程管理巧思，首艘潛艦可能分為數個船段在數個船台同時建造，分別將鋼材焊接為船段，船段再焊接為船身，以提高建造效率，待首艦下水後，二號艦、三號艦再分別利用空出的船台陸續開工。

蘇紫雲指出，潛艦由於構造精密，在有限的空間內需容納各式設備、武器、人員居住等需求，各機構間的緊緻配置又要滿足作戰性能，因此被各國海軍稱為「水下瑞士錶」，對於建造工藝要求極高，也被視為造船水準的指標。

蘇紫雲提到，潛艦被視為不對稱武器之一，可發揮戰略嚇阻效果，特別是戰略守勢的台灣具有主場優勢，在面對可能犯台的入侵者，除地面機動反艦飛彈形成殲敵火力圈，潛艦更可有效延伸火力，等同將防衛縱深外推，有效打擊進犯船團的護航船隻，尤其是航空母艦、兩棲攻擊艦等高價目標。

蘇紫雲也指出，另一個是國防資源層面的不對稱效益，依海軍作戰史的統計，潛艦在 「成本交換比」（cost- exchange ratio）享有不對稱優勢，敵方若要反制，約需投入7倍資源，因此對於小國防衛而言，潛艦是極具價值的投資選項。


蘇紫雲也分析潛艦國造的經濟效益。他表示，依照日本、歐洲國家的統計顯示，2500噸級的柴電潛艦，約需400萬人力小時建造工時，二號艦之後隨著 「學習曲線」（learning curve）的效益，可降低至320萬建造小時，大幅提高建造速度，並維持穩定的產能以及船廠的長期運作。

同時，可帶動經濟的發展，以水下艦艇而言，其一是技術的「溢出效果」，包括精密金屬加工、機電、控制軟體、深循環電池、電力管理科技、高低壓閥體、制震隔音等高附加價值技術，可轉用為電動車等前瞻科技產業；其二是直接就業、間接就業帶動，包括船廠就業人員、設備商研發人員、周邊服務業等，依照西方國家統計，至少可產生1.8倍經濟加乘效益，以首艦500億元的建造預算，約可產生900億元的產值。（編輯：楊凱翔）1091124"
https://www.cna.com.tw/news/firstnews/202003275006.aspx,陳家欽因人事案函送偵辦 警政署長史上首例,2020/3/27,"（中央社記者林長順台北27日電）警政署長陳家欽遭檢舉用人唯親，造成警界士氣不振。內政部政風處介入調查後，日前將全案依偽造文書罪移送台北地檢署偵辦，成為史上第一名被函送檢廉的警政署長。

內政部、監察院等機關日前接獲檢舉，陳家欽批准3名秘書「假請調」到刑事局，但3人占刑事局缺，仍繼續在署長辦公室工作；3人再透過「假海選」，由陳家欽圈選原地升官。另外，陳家欽也曾破格提拔酒駕的親信張博鈞，事後引發爭議而註銷該人事案。

內政部接獲檢舉後，指示政風處調查，日前將全案依偽造文書罪函送台北地檢署，北檢已分案指揮廉政署偵辦。

警政署日前發布聲明，指機關首長辦公室秘書任用，皆依照規定及遴選適當人選需要為主，跟機關首長人事權、各機關主官機要人員的任用方式相同。（編輯：吳協昌）1090327"